block,F_twoWay,p_F
CFTC,0.0632611639464409,0.801414743817824
FATCA,150.578901862124,0
