block,q_params,F_twoWay,p_F,Chi2,p_Chi2,partial_R2_approx
CFTC,1,42.8175178842259,6.01625416152274e-11,42.8175178842259,6.00915983639538e-11,0.000105365631680335
FATCA,1,0.0110189977774372,0.916398543456341,0.0110189977774372,0.916398491621044,2.71184793531797e-08
TAX97,0,NaN,NaN,NaN,NaN,NaN
TAX03,1,0.00380690411229457,0.950801679256606,0.00380690411229457,0.950801648896845,9.36904194795222e-09
TAX13,1,1.78363819000748e-05,0.996630294983839,1.78363819000748e-05,0.996630292909658,4.3896511929505e-11
