Variable,Beta,SE_noncl,SE_cluster_fund,SE_cluster_month,SE_twoWay
Z_CFTC_q,-0.0165726138305477,0.000516482976961421,0.00121569719540468,0.00222897320253019,0.00253267968472975
Z_FATCA_q,-0.0153220324485365,0.00477548011796929,0.0658400057879528,0.130649274747693,0.145963856735685
Z_TaxWin2003_A_q,-0.00625946936060907,0.00461186469868773,0.0494510656863523,0.0890216263433173,0.101449882635151
Z_TaxWin2013_A_q,-0.00139764325239936,0.00642945180285276,0.145207301273968,0.298161156372286,0.330935190403004
ret_L1,-0.00489454921276098,0.00950294160754959,0.0272199427200132,0.0386932032718012,0.0465356373000368
vol_L1,0.148116443793256,0.0130089088411739,0.376954114336717,0.922921292566464,0.995209116462519
lnAUM_L1,-0.324671471544168,0.0404237931622381,58.4874917576325,143.646390544904,154.827779070263
